point_1_lat,point_1_lng,point_2_lat,point_2_lng,point_3_lat,point_3_lng,total_km
23.751054,90.383043,23.752753,90.382807,23.751027,90.387143,1
23.750976,90.383210,23.749090,90.385270,23.750897,90.387126,4